section,text
title, üí¨ –ü—Ä–æ –Ω–∞—Å
content,üí¨ –ü—Ä–æ –Ω–∞—Å
text_on_page," –ü—Ä–∏–≤–µ—Ç! –Ø –†—É–∫–∏—è ‚Äî –Ω–∞—á–∏–Ω–∞—é—â–∏–π –±—ç–∫–µ–Ω–¥-—Ä–∞–∑—Ä–∞–±–æ—Ç—á–∏–∫(?) –Ω–∞ Python. 
–ü–∏—à—É –Ω–∞ Django(–≤ –æ—Å–Ω–æ–≤–Ω–æ–º), –ª—é–±–ª—é postgres(–∑–∞ —Ç–æ, —á—Ç–æ –æ—Ç–Ω—è–ª –ø–∞—Ä—É –ª–∏—à–Ω–∏—Ö –∫–≥ –≤–æ –≤—Ä–µ–º—è —É—á–µ–±—ã), —Ä–∞–±–æ—Ç–∞—é —Å API(–∞ –Ω–∞ –∫–∞–∫–æ–º —É—Ä–æ–≤–Ω–µ —É–∂–µ –Ω–µ–≤–∞–∂–Ω–æ), –±–æ—é—Å—å –ø—Ä–æ–¥–∞–∫—à–µ–Ω–∞, –Ω–æ –º–µ–Ω—å—à–µ, —á–µ–º –ª—é–¥–µ–π, –∫–æ—Ç–æ—Ä—ã–µ –Ω–µ –∫–æ–º–º–∏—Ç—è—Ç –ø–µ—Ä–µ–¥ deploy(–¥–∞ –∏ –ª—é–¥–µ–π –≤ —Ü–µ–ª–æ–º).

üíª –£ –º–µ–Ω—è –µ—Å—Ç—å –æ–ø—ã—Ç (–ø–æ–∏—Å–∫–∞) —Ä–∞–±–æ—Ç—ã 
- –ê...–≤–∞–º –±—ã–ª –Ω—É–∂–µ–Ω –±—ã–ª –∫–æ–º–º–µ—Ä—á–∏—Å–∫–∏–π? –ò–∑ –∫–æ–º–º–µ—Ä—á–µ—Å–∫–æ–≥–æ —É –º–µ–Ω—è —Ç–æ–ª—å–∫–æ —à–∞—Ä–∞–≥–∞.
–õ–≥–∞—Ç—å –Ω–µ –±—É–¥—É, –æ–ø—ã—Ç–∞ —Ä–∞–±–æ—Ç—ã –Ω–µ—Ç, –Ω–æ —è –≥–æ—Ç–æ–≤–∞ —É—á–∏—Ç—å—Å—è –∏ —Ä–∞–∑–≤–∏–≤–∞—Ç—å—Å—è –≤ –∫–æ–º–∞–Ω–¥–µ, –ø–æ–ª—É—á–∞—Ç—å –æ–ø—ã—Ç(–º–Ω–µ –Ω—É–∂–Ω—ã –¥–µ–Ω–≥—å–∏).



üß† –ß—Ç–æ —É–º–µ—é:
Django (–∏ –±–µ–∑ –∞–¥–º–∏–Ω–∫–∏ –∂–∏—Ç—å –Ω–µ –º–æ–≥—É)

REST API (Swagger –Ω–µ –ø—Ä–æ—Å—Ç–æ —Å–ª–æ–≤–æ, –∞ —Å—Ç–∏–ª—å –∂–∏–∑–Ω–∏)

PostgreSQL (—É–º–µ—é –ø–∏—Å–∞—Ç—å JOIN, –Ω–µ –ø—É–≥–∞—é—Å—å migrations)

Git (—É–º–µ—é –Ω–µ —Ç–æ–ª—å–∫–æ git push -f, –Ω–æ –∏ –ø–æ-—á–µ–ª–æ–≤–µ—á–µ—Å–∫–∏)

Docker (–µ—â—ë –Ω–µ –∑–Ω–∞—é –≤—Å—ë, –Ω–æ –∫–æ–Ω—Ç–µ–π–Ω–µ—Ä—ã –∑–∞–ø—É—Å–∫–∞—é, –Ω–µ —Å–ø—Ä–∞—à–∏–≤–∞–π –∫–∞–∫)

Telegram-–±–æ—Ç—ã (–¥–∞, –º–æ–≥—É —Å–¥–µ–ª–∞—Ç—å, —á—Ç–æ–±—ã –æ–Ω —Ç–µ–±—è –ª–∞–π–∫–∞–ª –ø–æ –∫–æ–º–∞–Ω–¥–µ)

ü§ù –ü–æ—á–µ–º—É —Ç–µ–±–µ —Å–æ –º–Ω–æ–π –±—É–¥–µ—Ç —Ö–æ—Ä–æ—à–æ:
–Ø –Ω–µ –ø–µ—Ä–µ–≥–æ—Ä–µ–ª (–ø–æ—Ç–æ–º—É —á—Ç–æ –µ—â—ë –Ω–µ —É—Å–ø–µ–ª –∑–∞–≥–æ—Ä–µ—Ç—å—Å—è).

–û—Ç–≤–µ—á–∞—é –±—ã—Å—Ç—Ä–æ ‚Äî —É –º–µ–Ω—è –Ω–µ—Ç –∑–≤–æ–Ω–∫–æ–≤ —Å –º–µ–Ω–µ–¥–∂–µ—Ä–∞–º–∏.

–£–º–µ—é —Å–ª—É—à–∞—Ç—å, –Ω–µ —Å–ø–æ—Ä—é —Å –¢–ó, –∏ —É–≤–∞–∂–∞—é –¥–µ–¥–ª–∞–π–Ω—ã (–¥–∞–∂–µ –µ—Å–ª–∏ –æ–Ω–∏ –Ω–µ —É–≤–∞–∂–∞—é—Ç –º–µ–Ω—è).

–ì–æ—Ç–æ–≤ —Ä–∞–±–æ—Ç–∞—Ç—å –Ω–∞ —Å–æ–≤–µ—Å—Ç—å –∏ —Å –∏–Ω—Ç–µ—Ä–µ—Å–æ–º ‚Äî –ø–æ—Ç–æ–º—É —á—Ç–æ –∫–∞–∂–¥—ã–π –ø—Ä–æ–µ–∫—Ç –≤–∞–∂–µ–Ω. –û—Å–æ–±–µ–Ω–Ω–æ –ø–µ—Ä–≤—ã–π.

üì´ –°–≤—è–∑–∞—Ç—å—Å—è —Å–æ –º–Ω–æ–π
üìß Email: rukaya.dev@example.com

üíº Telegram: @rukaya_dev

üêô GitHub: github.com/rukaya-dev

üß™ –¢–µ—Å—Ç–æ–≤–æ–µ?
–ö–æ–Ω–µ—á–Ω–æ, —Å–¥–µ–ª–∞—é! –¢–æ–ª—å–∫–æ, –ø–æ–∂–∞–ª—É–π—Å—Ç–∞, –Ω–µ ""–∏–Ω—Ç–µ—Ä–Ω–µ—Ç-–º–∞–≥–∞–∑–∏–Ω –∑–∞ 2 —á–∞—Å–∞"", –∞ —á—Ç–æ-—Ç–æ –≥—É–º–∞–Ω–Ω–æ–µ.
–•–æ—Ç—è, –µ—Å–ª–∏ –Ω–∞–¥–æ –∏–Ω—Ç–µ—Ä–Ω–µ—Ç-–º–∞–≥–∞–∑–∏–Ω ‚Äî –ø–æ—Å–º–æ—Ç—Ä–∏ –≤–æ–∫—Ä—É–≥: —ç—Ç–æ—Ç —Å–∞–π—Ç —É–∂–µ –æ–Ω."
